{
  "dataset": "cM_6",
  "generated_at": "2025-11-06T05:11:22.024952Z",
  "device": "cpu",
  "label_names": [
    "1",
    "2",
    "3",
    "4",
    "5",
    "6",
    "UN"
  ],
  "modes": {
    "zero": {
      "val_samples": 697,
      "val_class_distribution": {
        "1": 7,
        "2": 7,
        "3": 9,
        "4": 38,
        "5": 1,
        "6": 0,
        "UN": 635
      },
      "models": {
        "MLP": {
          "accuracy": 0.9110473457675753,
          "f1_weighted": 0.8686412380816972,
          "f1_macro": 0.1589089089089089,
          "auc_weighted": null,
          "auc_macro": null,
          "auc_micro": null,
          "confusion_matrix_path": "reports\\cM_6\\zero\\confusion_matrix_mlp_cM_6_zero.png",
          "per_class": {
            "1": {
              "precision": 0.0,
              "recall": 0.0,
              "f1-score": 0.0,
              "support": 7.0
            },
            "2": {
              "precision": 0.0,
              "recall": 0.0,
              "f1-score": 0.0,
              "support": 7.0
            },
            "3": {
              "precision": 0.0,
              "recall": 0.0,
              "f1-score": 0.0,
              "support": 9.0
            },
            "4": {
              "precision": 0.0,
              "recall": 0.0,
              "f1-score": 0.0,
              "support": 38.0
            },
            "5": {
              "precision": 0.0,
              "recall": 0.0,
              "f1-score": 0.0,
              "support": 1.0
            },
            "UN": {
              "precision": 0.9110473457675753,
              "recall": 1.0,
              "f1-score": 0.9534534534534534,
              "support": 635.0
            },
            "accuracy": 0.9110473457675753,
            "macro avg": {
              "precision": 0.15184122429459587,
              "recall": 0.16666666666666666,
              "f1-score": 0.1589089089089089,
              "support": 697.0
            },
            "weighted avg": {
              "precision": 0.830007266230144,
              "recall": 0.9110473457675753,
              "f1-score": 0.8686412380816972,
              "support": 697.0
            }
          }
        },
        "CNN": {
          "accuracy": 0.9110473457675753,
          "f1_weighted": 0.8686412380816972,
          "f1_macro": 0.1589089089089089,
          "auc_weighted": null,
          "auc_macro": null,
          "auc_micro": null,
          "confusion_matrix_path": "reports\\cM_6\\zero\\confusion_matrix_cnn_cM_6_zero.png",
          "per_class": {
            "1": {
              "precision": 0.0,
              "recall": 0.0,
              "f1-score": 0.0,
              "support": 7.0
            },
            "2": {
              "precision": 0.0,
              "recall": 0.0,
              "f1-score": 0.0,
              "support": 7.0
            },
            "3": {
              "precision": 0.0,
              "recall": 0.0,
              "f1-score": 0.0,
              "support": 9.0
            },
            "4": {
              "precision": 0.0,
              "recall": 0.0,
              "f1-score": 0.0,
              "support": 38.0
            },
            "5": {
              "precision": 0.0,
              "recall": 0.0,
              "f1-score": 0.0,
              "support": 1.0
            },
            "UN": {
              "precision": 0.9110473457675753,
              "recall": 1.0,
              "f1-score": 0.9534534534534534,
              "support": 635.0
            },
            "accuracy": 0.9110473457675753,
            "macro avg": {
              "precision": 0.15184122429459587,
              "recall": 0.16666666666666666,
              "f1-score": 0.1589089089089089,
              "support": 697.0
            },
            "weighted avg": {
              "precision": 0.830007266230144,
              "recall": 0.9110473457675753,
              "f1-score": 0.8686412380816972,
              "support": 697.0
            }
          }
        },
        "RandomForest": {
          "accuracy": 0.8809182209469153,
          "f1_weighted": 0.8572092221664823,
          "f1_macro": 0.22274929864830403,
          "auc_weighted": null,
          "auc_macro": null,
          "auc_micro": null,
          "confusion_matrix_path": null,
          "per_class": {
            "0": {
              "precision": 0.6666666666666666,
              "recall": 0.2857142857142857,
              "f1-score": 0.4,
              "support": 7.0
            },
            "1": {
              "precision": 0.0,
              "recall": 0.0,
              "f1-score": 0.0,
              "support": 7.0
            },
            "2": {
              "precision": 0.0,
              "recall": 0.0,
              "f1-score": 0.0,
              "support": 9.0
            },
            "3": {
              "precision": 0.0,
              "recall": 0.0,
              "f1-score": 0.0,
              "support": 38.0
            },
            "4": {
              "precision": 0.0,
              "recall": 0.0,
              "f1-score": 0.0,
              "support": 1.0
            },
            "6": {
              "precision": 0.9107142857142857,
              "recall": 0.9637795275590552,
              "f1-score": 0.936495791889824,
              "support": 635.0
            },
            "accuracy": 0.8809182209469153,
            "macro avg": {
              "precision": 0.2628968253968254,
              "recall": 0.20824896887889013,
              "f1-score": 0.22274929864830403,
              "support": 697.0
            },
            "weighted avg": {
              "precision": 0.836399193823871,
              "recall": 0.8809182209469153,
              "f1-score": 0.8572092221664823,
              "support": 697.0
            }
          }
        }
      }
    },
    "weighted": {
      "val_samples": 697,
      "val_class_distribution": {
        "1": 7,
        "2": 7,
        "3": 9,
        "4": 38,
        "5": 1,
        "6": 0,
        "UN": 635
      },
      "models": {
        "MLP": {
          "accuracy": 0.06169296987087518,
          "f1_weighted": 0.008062721117124716,
          "f1_macro": 0.052973903298110796,
          "auc_weighted": null,
          "auc_macro": null,
          "auc_micro": null,
          "confusion_matrix_path": "reports\\cM_6\\weighted\\confusion_matrix_mlp_cM_6_weighted.png",
          "per_class": {
            "1": {
              "precision": 0.12195121951219512,
              "recall": 0.7142857142857143,
              "f1-score": 0.20833333333333334,
              "support": 7.0
            },
            "2": {
              "precision": 0.0,
              "recall": 0.0,
              "f1-score": 0.0,
              "support": 7.0
            },
            "3": {
              "precision": 0.0,
              "recall": 0.0,
              "f1-score": 0.0,
              "support": 9.0
            },
            "4": {
              "precision": 0.057926829268292686,
              "recall": 1.0,
              "f1-score": 0.10951008645533142,
              "support": 38.0
            },
            "5": {
              "precision": 0.0,
              "recall": 0.0,
              "f1-score": 0.0,
              "support": 1.0
            },
            "UN": {
              "precision": 0.0,
              "recall": 0.0,
              "f1-score": 0.0,
              "support": 635.0
            },
            "accuracy": 0.06169296987087518,
            "macro avg": {
              "precision": 0.029979674796747968,
              "recall": 0.28571428571428575,
              "f1-score": 0.052973903298110796,
              "support": 697.0
            },
            "weighted avg": {
              "precision": 0.0043828953354095946,
              "recall": 0.06169296987087518,
              "f1-score": 0.008062721117124716,
              "support": 697.0
            }
          }
        },