{
  "dataset": "cM_6",
  "generated_at": "2025-11-06T06:04:30.385268Z",
  "device": "cuda",
  "label_names": [
    "1",
    "2",
    "3",
    "4",
    "5",
    "6",
    "UN"
  ],
  "modes": {
    "zero": {
      "val_samples": 697,
      "val_class_distribution": {
        "1": 7,
        "2": 7,
        "3": 9,
        "4": 38,
        "5": 1,
        "6": 0,
        "UN": 635
      },
      "models": {
        "MLP": {
          "accuracy": 0.9081779053084649,
          "f1_weighted": 0.8672074734900379,
          "f1_macro": 0.1586466165413534,
          "auc_weighted": 0.7575657789651333,
          "auc_macro": 0.6891587187947028,
          "auc_micro": 0.9743208407693834,
          "confusion_matrix_path": "reports\\cM_6\\zero\\confusion_matrix_mlp_cM_6_zero.png",
          "per_class": {
            "1": {
              "precision": 0.0,
              "recall": 0.0,
              "f1-score": 0.0,
              "support": 7.0
            },
            "2": {
              "precision": 0.0,
              "recall": 0.0,
              "f1-score": 0.0,
              "support": 7.0
            },
            "3": {
              "precision": 0.0,
              "recall": 0.0,
              "f1-score": 0.0,
              "support": 9.0
            },
            "4": {
              "precision": 0.0,
              "recall": 0.0,
              "f1-score": 0.0,
              "support": 38.0
            },
            "5": {
              "precision": 0.0,
              "recall": 0.0,
              "f1-score": 0.0,
              "support": 1.0
            },
            "UN": {
              "precision": 0.9107913669064748,
              "recall": 0.9968503937007874,
              "f1-score": 0.9518796992481203,
              "support": 635.0
            },
            "accuracy": 0.9081779053084649,
            "macro avg": {
              "precision": 0.15179856115107912,
              "recall": 0.16614173228346457,
              "f1-score": 0.1586466165413534,
              "support": 697.0
            },
            "weighted avg": {
              "precision": 0.8297740573681657,
              "recall": 0.9081779053084649,
              "f1-score": 0.8672074734900379,
              "support": 697.0
            }
          }
        },
        "CNN": {
          "accuracy": 0.9110473457675753,
          "f1_weighted": 0.8686412380816972,
          "f1_macro": 0.1589089089089089,
          "auc_weighted": 0.7024562440966707,
          "auc_macro": 0.7731530770827979,
          "auc_micro": 0.9850596290586081,
          "confusion_matrix_path": "reports\\cM_6\\zero\\confusion_matrix_cnn_cM_6_zero.png",
          "per_class": {
            "1": {
              "precision": 0.0,
              "recall": 0.0,
              "f1-score": 0.0,
              "support": 7.0
            },
            "2": {
              "precision": 0.0,
              "recall": 0.0,
              "f1-score": 0.0,
              "support": 7.0
            },
            "3": {
              "precision": 0.0,
              "recall": 0.0,
              "f1-score": 0.0,
              "support": 9.0
            },
            "4": {
              "precision": 0.0,
              "recall": 0.0,
              "f1-score": 0.0,
              "support": 38.0
            },
            "5": {
              "precision": 0.0,
              "recall": 0.0,
              "f1-score": 0.0,
              "support": 1.0
            },
            "UN": {
              "precision": 0.9110473457675753,
              "recall": 1.0,
              "f1-score": 0.9534534534534534,
              "support": 635.0
            },
            "accuracy": 0.9110473457675753,
            "macro avg": {
              "precision": 0.15184122429459587,
              "recall": 0.16666666666666666,
              "f1-score": 0.1589089089089089,
              "support": 697.0
            },
            "weighted avg": {
              "precision": 0.830007266230144,
              "recall": 0.9110473457675753,
              "f1-score": 0.8686412380816972,
              "support": 697.0
            }
          }
        },
        "RandomForest": {
          "accuracy": 0.8809182209469153,
          "f1_weighted": 0.8572092221664823,
          "f1_macro": 0.22274929864830403,
          "auc_weighted": null,
          "auc_macro": null,
          "auc_micro": null,
          "confusion_matrix_path": null,
          "per_class": {
            "0": {
              "precision": 0.6666666666666666,
              "recall": 0.2857142857142857,
              "f1-score": 0.4,
              "support": 7.0
            },
            "1": {
              "precision": 0.0,
              "recall": 0.0,
              "f1-score": 0.0,
              "support": 7.0
            },
            "2": {
              "precision": 0.0,
              "recall": 0.0,
              "f1-score": 0.0,
              "support": 9.0
            },
            "3": {
              "precision": 0.0,
              "recall": 0.0,
              "f1-score": 0.0,
              "support": 38.0
            },
            "4": {
              "precision": 0.0,
              "recall": 0.0,
              "f1-score": 0.0,
              "support": 1.0
            },
            "6": {
              "precision": 0.9107142857142857,
              "recall": 0.9637795275590552,
              "f1-score": 0.936495791889824,
              "support": 635.0
            },
            "accuracy": 0.8809182209469153,
            "macro avg": {
              "precision": 0.2628968253968254,
              "recall": 0.20824896887889013,
              "f1-score": 0.22274929864830403,
              "support": 697.0
            },
            "weighted avg": {
              "precision": 0.836399193823871,
              "recall": 0.8809182209469153,
              "f1-score": 0.8572092221664823,
              "support": 697.0
            }
          }
        }
      }
    },
    "weighted": {
      "val_samples": 697,
      "val_class_distribution": {
        "1": 7,
        "2": 7,
        "3": 9,
        "4": 38,
        "5": 1,
        "6": 0,
        "UN": 635
      },
      "models": {
        "MLP": {
          "accuracy": 0.06169296987087518,
          "f1_weighted": 0.010220925238747472,
          "f1_macro": 0.09016367642429966,
          "auc_weighted": 0.6369329874963368,
          "auc_macro": 0.7134005563395919,
          "auc_micro": 0.6999314545428347,
          "confusion_matrix_path": "reports\\cM_6\\weighted\\confusion_matrix_mlp_cM_6_weighted.png",
          "per_class": {
            "1": {
              "precision": 0.17391304347826086,
              "recall": 0.5714285714285714,
              "f1-score": 0.26666666666666666,
              "support": 7.0
            },
            "2": {
              "precision": 0.2,
              "recall": 0.14285714285714285,
              "f1-score": 0.16666666666666666,
              "support": 7.0
            },
            "3": {
              "precision": 0.0,
              "recall": 0.0,
              "f1-score": 0.0,
              "support": 9.0
            },
            "4": {
              "precision": 0.05688622754491018,
              "recall": 1.0,
              "f1-score": 0.10764872521246459,
              "support": 38.0
            },
            "5": {
              "precision": 0.0,
              "recall": 0.0,
              "f1-score": 0.0,
              "support": 1.0
            },
            "UN": {
              "precision": 0.0,
              "recall": 0.0,
              "f1-score": 0.0,
              "support": 635.0
            },
            "accuracy": 0.06169296987087518,
            "macro avg": {
              "precision": 0.07179987850386184,
              "recall": 0.2857142857142857,
              "f1-score": 0.09016367642429966,
              "support": 697.0
            },
            "weighted avg": {
              "precision": 0.006856625467796863,