{
  "dataset": "cM_1",
  "imbalance_mode": "weighted",
  "device": "cpu",
  "label_names": [
    "1",
    "2",
    "3",
    "4",
    "5",
    "6",
    "UN"
  ],
  "val_samples": 702,
  "val_class_distribution": {
    "1": 7,
    "2": 7,
    "3": 9,
    "4": 38,
    "5": 1,
    "6": 0,
    "UN": 640
  },
  "models": {
    "MLP": {
      "accuracy": 0.3148148148148148,
      "f1_weighted": 0.41258650288099824,
      "f1_macro": 0.14852185990616384,
      "auc_weighted": null,
      "auc_macro": null,
      "auc_micro": null,
      "confusion_matrix_path": "reports\\cM_1\\weighted\\confusion_matrix_mlp_cM_1_weighted.png",
      "per_class": {
        "1": {
          "precision": 0.04,
          "recall": 0.14285714285714285,
          "f1-score": 0.0625,
          "support": 7.0
        },
        "2": {
          "precision": 1.0,
          "recall": 0.14285714285714285,
          "f1-score": 0.25,
          "support": 7.0
        },
        "3": {
          "precision": 0.0,
          "recall": 0.0,
          "f1-score": 0.0,
          "support": 9.0
        },
        "4": {
          "precision": 0.07422680412371134,
          "recall": 0.9473684210526315,
          "f1-score": 0.13766730401529637,
          "support": 38.0
        },
        "5": {
          "precision": 0.0,
          "recall": 0.0,
          "f1-score": 0.0,
          "support": 1.0
        },
        "UN": {
          "precision": 0.9631578947368421,
          "recall": 0.2859375,
          "f1-score": 0.44096385542168676,
          "support": 640.0
        },
        "accuracy": 0.3148148148148148,
        "macro avg": {
          "precision": 0.34623078314342554,
          "recall": 0.2531700344611529,
          "f1-score": 0.14852185990616384,
          "support": 702.0
        },
        "weighted avg": {
          "precision": 0.892481013088718,
          "recall": 0.3148148148148148,
          "f1-score": 0.41258650288099824,
          "support": 702.0
        }
      }
    },
    "CNN": {
      "accuracy": 0.6410256410256411,
      "f1_weighted": 0.7260204239266344,
      "f1_macro": 0.26712713592561504,
      "auc_weighted": null,
      "auc_macro": null,
      "auc_micro": null,
      "confusion_matrix_path": "reports\\cM_1\\weighted\\confusion_matrix_cnn_cM_1_weighted.png",
      "per_class": {
        "1": {
          "precision": 0.19230769230769232,
          "recall": 0.7142857142857143,
          "f1-score": 0.30303030303030304,
          "support": 7.0
        },
        "2": {
          "precision": 0.14285714285714285,
          "recall": 0.14285714285714285,
          "f1-score": 0.14285714285714285,
          "support": 7.0
        },
        "3": {
          "precision": 0.06666666666666667,
          "recall": 0.3333333333333333,
          "f1-score": 0.1111111111111111,
          "support": 9.0
        },
        "4": {
          "precision": 0.16037735849056603,
          "recall": 0.8947368421052632,
          "f1-score": 0.272,
          "support": 38.0
        },
        "5": {
          "precision": 0.0,
          "recall": 0.0,
          "f1-score": 0.0,
          "support": 1.0
        },
        "UN": {
          "precision": 0.9878640776699029,
          "recall": 0.6359375,
          "f1-score": 0.7737642585551331,
          "support": 640.0
        },
        "accuracy": 0.6410256410256411,
        "macro avg": {
          "precision": 0.2583454896653285,
          "recall": 0.45352508876357556,
          "f1-score": 0.26712713592561504,
          "support": 702.0
        },
        "weighted avg": {
          "precision": 0.9134950187714149,
          "recall": 0.6410256410256411,
          "f1-score": 0.7260204239266344,
          "support": 702.0
        }
      }
    },
    "RandomForest": {
      "accuracy": 0.8789173789173789,
      "f1_weighted": 0.8550563491084878,
      "f1_macro": 0.19294693326583987,
      "auc_weighted": null,
      "auc_macro": null,
      "auc_micro": null,
      "confusion_matrix_path": null,
      "per_class": {
        "0": {
          "precision": 0.5,
          "recall": 0.14285714285714285,
          "f1-score": 0.2222222222222222,
          "support": 7.0
        },
        "1": {
          "precision": 0.0,
          "recall": 0.0,
          "f1-score": 0.0,
          "support": 7.0
        },
        "2": {
          "precision": 0.0,
          "recall": 0.0,
          "f1-score": 0.0,
          "support": 9.0
        },
        "3": {
          "precision": 0.0,
          "recall": 0.0,
          "f1-score": 0.0,
          "support": 38.0
        },
        "4": {
          "precision": 0.0,
          "recall": 0.0,
          "f1-score": 0.0,
          "support": 1.0
        },
        "6": {
          "precision": 0.9098966026587888,
          "recall": 0.9625,
          "f1-score": 0.935459377372817,
          "support": 640.0
        },
        "accuracy": 0.8789173789173789,
        "macro avg": {
          "precision": 0.23498276710979815,
          "recall": 0.1842261904761905,
          "f1-score": 0.19294693326583987,
          "support": 702.0
        },
        "weighted avg": {
          "precision": 0.8345211192330838,
          "recall": 0.8789173789173789,
          "f1-score": 0.8550563491084878,
          "support": 702.0
        }
      }
    }
  }
}