{
    "dataset": "cM_1",
    "imbalance_mode": "smote",
    "models": {
        "MLP": {
            "accuracy": 0.06552706552706553,
            "f1_score": 0.034633995374180424,
            "auc": null
        },
        "CNN": {
            "accuracy": 0.7293447293447294,
            "f1_score": 0.789528916040826,
            "auc": null
        },
        "RandomForest": {
            "accuracy": 0.8789173789173789,
            "f1_score": 0.8550563491084878,
            "auc": null
        }
    }
}