{
  "dataset": "cM_3",
  "generated_at": "2025-11-06T06:03:39.139866Z",
  "device": "cuda",
  "label_names": [
    "1",
    "2",
    "3",
    "4",
    "5",
    "6",
    "UN"
  ],
  "modes": {
    "zero": {
      "val_samples": 702,
      "val_class_distribution": {
        "1": 7,
        "2": 7,
        "3": 9,
        "4": 38,
        "5": 1,
        "6": 0,
        "UN": 640
      },
      "models": {
        "MLP": {
          "accuracy": 0.9116809116809117,
          "f1_weighted": 0.8695615252992301,
          "f1_macro": 0.15896671634376552,
          "auc_weighted": 0.7031233494348887,
          "auc_macro": 0.6960230299990309,
          "auc_micro": 0.9691875471790001,
          "confusion_matrix_path": "reports\\cM_3\\zero\\confusion_matrix_mlp_cM_3_zero.png",
          "per_class": {
            "1": {
              "precision": 0.0,
              "recall": 0.0,
              "f1-score": 0.0,
              "support": 7.0
            },
            "2": {
              "precision": 0.0,
              "recall": 0.0,
              "f1-score": 0.0,
              "support": 7.0
            },
            "3": {
              "precision": 0.0,
              "recall": 0.0,
              "f1-score": 0.0,
              "support": 9.0
            },
            "4": {
              "precision": 0.0,
              "recall": 0.0,
              "f1-score": 0.0,
              "support": 38.0
            },
            "5": {
              "precision": 0.0,
              "recall": 0.0,
              "f1-score": 0.0,
              "support": 1.0
            },
            "UN": {
              "precision": 0.9116809116809117,
              "recall": 1.0,
              "f1-score": 0.9538002980625931,
              "support": 640.0
            },
            "accuracy": 0.9116809116809117,
            "macro avg": {
              "precision": 0.15194681861348527,
              "recall": 0.16666666666666666,
              "f1-score": 0.15896671634376552,
              "support": 702.0
            },
            "weighted avg": {
              "precision": 0.8311620847233383,
              "recall": 0.9116809116809117,
              "f1-score": 0.8695615252992301,
              "support": 702.0
            }
          }
        },
        "CNN": {
          "accuracy": 0.9045584045584045,
          "f1_weighted": 0.8659945832720702,
          "f1_macro": 0.15831463475442534,
          "auc_weighted": 0.6979869091851845,
          "auc_macro": 0.7703051379919844,
          "auc_micro": 0.9825904416360257,
          "confusion_matrix_path": "reports\\cM_3\\zero\\confusion_matrix_cnn_cM_3_zero.png",
          "per_class": {
            "1": {
              "precision": 0.0,
              "recall": 0.0,
              "f1-score": 0.0,
              "support": 7.0
            },
            "2": {
              "precision": 0.0,
              "recall": 0.0,
              "f1-score": 0.0,
              "support": 7.0
            },
            "3": {
              "precision": 0.0,
              "recall": 0.0,
              "f1-score": 0.0,
              "support": 9.0
            },
            "4": {
              "precision": 0.0,
              "recall": 0.0,
              "f1-score": 0.0,
              "support": 38.0
            },
            "5": {
              "precision": 0.0,
              "recall": 0.0,
              "f1-score": 0.0,
              "support": 1.0
            },
            "UN": {
              "precision": 0.9110473457675753,
              "recall": 0.9921875,
              "f1-score": 0.949887808526552,
              "support": 640.0
            },
            "accuracy": 0.9045584045584045,
            "macro avg": {
              "precision": 0.15184122429459587,
              "recall": 0.16536458333333334,
              "f1-score": 0.15831463475442534,
              "support": 702.0
            },
            "weighted avg": {
              "precision": 0.8305844747738578,
              "recall": 0.9045584045584045,
              "f1-score": 0.8659945832720702,
              "support": 702.0
            }
          }
        },
        "RandomForest": {
          "accuracy": 0.8760683760683761,
          "f1_weighted": 0.8533586818757922,
          "f1_macro": 0.18897338403041827,
          "auc_weighted": null,
          "auc_macro": null,
          "auc_micro": null,
          "confusion_matrix_path": null,
          "per_class": {
            "0": {
              "precision": 0.3333333333333333,
              "recall": 0.14285714285714285,
              "f1-score": 0.2,
              "support": 7.0
            },
            "1": {
              "precision": 0.0,
              "recall": 0.0,
              "f1-score": 0.0,
              "support": 7.0
            },
            "2": {
              "precision": 0.0,
              "recall": 0.0,
              "f1-score": 0.0,
              "support": 9.0
            },
            "3": {
              "precision": 0.0,
              "recall": 0.0,
              "f1-score": 0.0,
              "support": 38.0
            },
            "4": {
              "precision": 0.0,
              "recall": 0.0,
              "f1-score": 0.0,
              "support": 1.0
            },
            "6": {
              "precision": 0.9096296296296297,
              "recall": 0.959375,
              "f1-score": 0.9338403041825095,
              "support": 640.0
            },
            "accuracy": 0.8760683760683761,
            "macro avg": {
              "precision": 0.2071604938271605,
              "recall": 0.18370535714285716,
              "f1-score": 0.18897338403041827,
              "support": 702.0
            },
            "weighted avg": {
              "precision": 0.8326158066898809,
              "recall": 0.8760683760683761,
              "f1-score": 0.8533586818757922,
              "support": 702.0
            }
          }
        }
      }
    },
    "weighted": {
      "val_samples": 702,
      "val_class_distribution": {
        "1": 7,
        "2": 7,
        "3": 9,
        "4": 38,
        "5": 1,
        "6": 0,
        "UN": 640
      },
      "models": {
        "MLP": {
          "accuracy": 0.07407407407407407,
          "f1_weighted": 0.036313494985475134,
          "f1_macro": 0.11096400002330471,
          "auc_weighted": 0.5057404308271048,
          "auc_macro": 0.6410962104303343,
          "auc_micro": 0.813738660129923,
          "confusion_matrix_path": "reports\\cM_3\\weighted\\confusion_matrix_mlp_cM_3_weighted.png",
          "per_class": {
            "1": {
              "precision": 0.15,
              "recall": 0.42857142857142855,
              "f1-score": 0.2222222222222222,
              "support": 7.0
            },
            "2": {
              "precision": 0.3333333333333333,
              "recall": 0.2857142857142857,
              "f1-score": 0.3076923076923077,
              "support": 7.0
            },
            "3": {
              "precision": 0.0,
              "recall": 0.0,
              "f1-score": 0.0,
              "support": 9.0
            },
            "4": {
              "precision": 0.0572289156626506,
              "recall": 1.0,
              "f1-score": 0.10826210826210826,
              "support": 38.0
            },
            "5": {
              "precision": 0.0,
              "recall": 0.0,
              "f1-score": 0.0,
              "support": 1.0
            },
            "UN": {
              "precision": 0.75,
              "recall": 0.0140625,
              "f1-score": 0.027607361963190184,
              "support": 640.0
            },
            "accuracy": 0.07407407407407407,
            "macro avg": {
              "precision": 0.2150937081659973,
              "recall": 0.28805803571428573,
              "f1-score": 0.11096400002330471,
              "support": 702.0
            },
            "weighted avg": {
              "precision": 0.6916781084451767,