{
  "dataset": "cM_3",
  "generated_at": "2025-11-06T05:09:50.525978Z",
  "device": "cpu",
  "label_names": [
    "1",
    "2",
    "3",
    "4",
    "5",
    "6",
    "UN"
  ],
  "modes": {
    "zero": {
      "val_samples": 702,
      "val_class_distribution": {
        "1": 7,
        "2": 7,
        "3": 9,
        "4": 38,
        "5": 1,
        "6": 0,
        "UN": 640
      },
      "models": {
        "MLP": {
          "accuracy": 0.9116809116809117,
          "f1_weighted": 0.8695615252992301,
          "f1_macro": 0.15896671634376552,
          "auc_weighted": null,
          "auc_macro": null,
          "auc_micro": null,
          "confusion_matrix_path": "reports\\cM_3\\zero\\confusion_matrix_mlp_cM_3_zero.png",
          "per_class": {
            "1": {
              "precision": 0.0,
              "recall": 0.0,
              "f1-score": 0.0,
              "support": 7.0
            },
            "2": {
              "precision": 0.0,
              "recall": 0.0,
              "f1-score": 0.0,
              "support": 7.0
            },
            "3": {
              "precision": 0.0,
              "recall": 0.0,
              "f1-score": 0.0,
              "support": 9.0
            },
            "4": {
              "precision": 0.0,
              "recall": 0.0,
              "f1-score": 0.0,
              "support": 38.0
            },
            "5": {
              "precision": 0.0,
              "recall": 0.0,
              "f1-score": 0.0,
              "support": 1.0
            },
            "UN": {
              "precision": 0.9116809116809117,
              "recall": 1.0,
              "f1-score": 0.9538002980625931,
              "support": 640.0
            },
            "accuracy": 0.9116809116809117,
            "macro avg": {
              "precision": 0.15194681861348527,
              "recall": 0.16666666666666666,
              "f1-score": 0.15896671634376552,
              "support": 702.0
            },
            "weighted avg": {
              "precision": 0.8311620847233383,
              "recall": 0.9116809116809117,
              "f1-score": 0.8695615252992301,
              "support": 702.0
            }
          }
        },
        "CNN": {
          "accuracy": 0.9116809116809117,
          "f1_weighted": 0.8695615252992301,
          "f1_macro": 0.15896671634376552,
          "auc_weighted": null,
          "auc_macro": null,
          "auc_micro": null,
          "confusion_matrix_path": "reports\\cM_3\\zero\\confusion_matrix_cnn_cM_3_zero.png",
          "per_class": {
            "1": {
              "precision": 0.0,
              "recall": 0.0,
              "f1-score": 0.0,
              "support": 7.0
            },
            "2": {
              "precision": 0.0,
              "recall": 0.0,
              "f1-score": 0.0,
              "support": 7.0
            },
            "3": {
              "precision": 0.0,
              "recall": 0.0,
              "f1-score": 0.0,
              "support": 9.0
            },
            "4": {
              "precision": 0.0,
              "recall": 0.0,
              "f1-score": 0.0,
              "support": 38.0
            },
            "5": {
              "precision": 0.0,
              "recall": 0.0,
              "f1-score": 0.0,
              "support": 1.0
            },
            "UN": {
              "precision": 0.9116809116809117,
              "recall": 1.0,
              "f1-score": 0.9538002980625931,
              "support": 640.0
            },
            "accuracy": 0.9116809116809117,
            "macro avg": {
              "precision": 0.15194681861348527,
              "recall": 0.16666666666666666,
              "f1-score": 0.15896671634376552,
              "support": 702.0
            },
            "weighted avg": {
              "precision": 0.8311620847233383,
              "recall": 0.9116809116809117,
              "f1-score": 0.8695615252992301,
              "support": 702.0
            }
          }
        },
        "RandomForest": {
          "accuracy": 0.8760683760683761,
          "f1_weighted": 0.8533586818757922,
          "f1_macro": 0.18897338403041827,
          "auc_weighted": null,
          "auc_macro": null,
          "auc_micro": null,
          "confusion_matrix_path": null,
          "per_class": {
            "0": {
              "precision": 0.3333333333333333,
              "recall": 0.14285714285714285,
              "f1-score": 0.2,
              "support": 7.0
            },
            "1": {
              "precision": 0.0,
              "recall": 0.0,
              "f1-score": 0.0,
              "support": 7.0
            },
            "2": {
              "precision": 0.0,
              "recall": 0.0,
              "f1-score": 0.0,
              "support": 9.0
            },
            "3": {
              "precision": 0.0,
              "recall": 0.0,
              "f1-score": 0.0,
              "support": 38.0
            },
            "4": {
              "precision": 0.0,
              "recall": 0.0,
              "f1-score": 0.0,
              "support": 1.0
            },
            "6": {
              "precision": 0.9096296296296297,
              "recall": 0.959375,
              "f1-score": 0.9338403041825095,
              "support": 640.0
            },
            "accuracy": 0.8760683760683761,
            "macro avg": {
              "precision": 0.2071604938271605,
              "recall": 0.18370535714285716,
              "f1-score": 0.18897338403041827,
              "support": 702.0
            },
            "weighted avg": {
              "precision": 0.8326158066898809,
              "recall": 0.8760683760683761,
              "f1-score": 0.8533586818757922,
              "support": 702.0
            }
          }
        }
      }
    },
    "weighted": {
      "val_samples": 702,
      "val_class_distribution": {
        "1": 7,
        "2": 7,
        "3": 9,
        "4": 38,
        "5": 1,
        "6": 0,
        "UN": 640
      },
      "models": {
        "MLP": {
          "accuracy": 0.8675213675213675,
          "f1_weighted": 0.851473743449052,
          "f1_macro": 0.23023221634332747,
          "auc_weighted": null,
          "auc_macro": null,
          "auc_micro": null,
          "confusion_matrix_path": "reports\\cM_3\\weighted\\confusion_matrix_mlp_cM_3_weighted.png",
          "per_class": {
            "1": {
              "precision": 0.17857142857142858,
              "recall": 0.7142857142857143,
              "f1-score": 0.2857142857142857,
              "support": 7.0
            },
            "2": {
              "precision": 0.11764705882352941,
              "recall": 0.2857142857142857,
              "f1-score": 0.16666666666666666,
              "support": 7.0
            },
            "3": {
              "precision": 0.0,
              "recall": 0.0,
              "f1-score": 0.0,
              "support": 9.0
            },
            "4": {
              "precision": 0.0,
              "recall": 0.0,
              "f1-score": 0.0,
              "support": 38.0
            },
            "5": {
              "precision": 0.0,
              "recall": 0.0,
              "f1-score": 0.0,
              "support": 1.0
            },
            "UN": {
              "precision": 0.9176829268292683,
              "recall": 0.940625,
              "f1-score": 0.9290123456790124,
              "support": 640.0
            },
            "accuracy": 0.8675213675213675,
            "macro avg": {
              "precision": 0.2023169023707044,
              "recall": 0.3234375,
              "f1-score": 0.23023221634332747,
              "support": 702.0
            },
            "weighted avg": {
              "precision": 0.8395877529665192,
              "recall": 0.8675213675213675,
              "f1-score": 0.851473743449052,
              "support": 702.0
            }
          }
        },