{
  "dataset": "cM_1",
  "generated_at": "2025-11-06T06:02:36.420580Z",
  "device": "cuda",
  "label_names": [
    "1",
    "2",
    "3",
    "4",
    "5",
    "6",
    "UN"
  ],
  "modes": {
    "zero": {
      "val_samples": 702,
      "val_class_distribution": {
        "1": 7,
        "2": 7,
        "3": 9,
        "4": 38,
        "5": 1,
        "6": 0,
        "UN": 640
      },
      "models": {
        "MLP": {
          "accuracy": 0.9088319088319088,
          "f1_weighted": 0.8681379427648083,
          "f1_macro": 0.15870646766169152,
          "auc_weighted": 0.7263820076499022,
          "auc_macro": 0.7349999200830164,
          "auc_micro": 0.9713828080399781,
          "confusion_matrix_path": "reports\\cM_1\\zero\\confusion_matrix_mlp_cM_1_zero.png",
          "per_class": {
            "1": {
              "precision": 0.0,
              "recall": 0.0,
              "f1-score": 0.0,
              "support": 7.0
            },
            "2": {
              "precision": 0.0,
              "recall": 0.0,
              "f1-score": 0.0,
              "support": 7.0
            },
            "3": {
              "precision": 0.0,
              "recall": 0.0,
              "f1-score": 0.0,
              "support": 9.0
            },
            "4": {
              "precision": 0.0,
              "recall": 0.0,
              "f1-score": 0.0,
              "support": 38.0
            },
            "5": {
              "precision": 0.0,
              "recall": 0.0,
              "f1-score": 0.0,
              "support": 1.0
            },
            "UN": {
              "precision": 0.9114285714285715,
              "recall": 0.996875,
              "f1-score": 0.9522388059701492,
              "support": 640.0
            },
            "accuracy": 0.9088319088319088,
            "macro avg": {
              "precision": 0.1519047619047619,
              "recall": 0.16614583333333333,
              "f1-score": 0.15870646766169152,
              "support": 702.0
            },
            "weighted avg": {
              "precision": 0.8309320309320309,
              "recall": 0.9088319088319088,
              "f1-score": 0.8681379427648083,
              "support": 702.0
            }
          }
        },
        "CNN": {
          "accuracy": 0.9116809116809117,
          "f1_weighted": 0.8695615252992301,
          "f1_macro": 0.15896671634376552,
          "auc_weighted": 0.6842107654594128,
          "auc_macro": 0.7594980637539537,
          "auc_micro": 0.9834315468218602,
          "confusion_matrix_path": "reports\\cM_1\\zero\\confusion_matrix_cnn_cM_1_zero.png",
          "per_class": {
            "1": {
              "precision": 0.0,
              "recall": 0.0,
              "f1-score": 0.0,
              "support": 7.0
            },
            "2": {
              "precision": 0.0,
              "recall": 0.0,
              "f1-score": 0.0,
              "support": 7.0
            },
            "3": {
              "precision": 0.0,
              "recall": 0.0,
              "f1-score": 0.0,
              "support": 9.0
            },
            "4": {
              "precision": 0.0,
              "recall": 0.0,
              "f1-score": 0.0,
              "support": 38.0
            },
            "5": {
              "precision": 0.0,
              "recall": 0.0,
              "f1-score": 0.0,
              "support": 1.0
            },
            "UN": {
              "precision": 0.9116809116809117,
              "recall": 1.0,
              "f1-score": 0.9538002980625931,
              "support": 640.0
            },
            "accuracy": 0.9116809116809117,
            "macro avg": {
              "precision": 0.15194681861348527,
              "recall": 0.16666666666666666,
              "f1-score": 0.15896671634376552,
              "support": 702.0
            },
            "weighted avg": {
              "precision": 0.8311620847233383,
              "recall": 0.9116809116809117,
              "f1-score": 0.8695615252992301,
              "support": 702.0
            }
          }
        },
        "RandomForest": {
          "accuracy": 0.8789173789173789,
          "f1_weighted": 0.8550563491084878,
          "f1_macro": 0.19294693326583987,
          "auc_weighted": null,
          "auc_macro": null,
          "auc_micro": null,
          "confusion_matrix_path": null,
          "per_class": {
            "0": {
              "precision": 0.5,
              "recall": 0.14285714285714285,
              "f1-score": 0.2222222222222222,
              "support": 7.0
            },
            "1": {
              "precision": 0.0,
              "recall": 0.0,
              "f1-score": 0.0,
              "support": 7.0
            },
            "2": {
              "precision": 0.0,
              "recall": 0.0,
              "f1-score": 0.0,
              "support": 9.0
            },
            "3": {
              "precision": 0.0,
              "recall": 0.0,
              "f1-score": 0.0,
              "support": 38.0
            },
            "4": {
              "precision": 0.0,
              "recall": 0.0,
              "f1-score": 0.0,
              "support": 1.0
            },
            "6": {
              "precision": 0.9098966026587888,
              "recall": 0.9625,
              "f1-score": 0.935459377372817,
              "support": 640.0
            },
            "accuracy": 0.8789173789173789,
            "macro avg": {
              "precision": 0.23498276710979815,
              "recall": 0.1842261904761905,
              "f1-score": 0.19294693326583987,
              "support": 702.0
            },
            "weighted avg": {
              "precision": 0.8345211192330838,
              "recall": 0.8789173789173789,
              "f1-score": 0.8550563491084878,
              "support": 702.0
            }
          }
        }
      }
    },
    "weighted": {
      "val_samples": 702,
      "val_class_distribution": {
        "1": 7,
        "2": 7,
        "3": 9,
        "4": 38,
        "5": 1,
        "6": 0,
        "UN": 640
      },
      "models": {
        "MLP": {
          "accuracy": 0.18803418803418803,
          "f1_weighted": 0.23163650917020254,
          "f1_macro": 0.13752053344083706,
          "auc_weighted": 0.7468178009519408,
          "auc_macro": 0.7770228307606131,
          "auc_micro": 0.8456800269478331,
          "confusion_matrix_path": "reports\\cM_1\\weighted\\confusion_matrix_mlp_cM_1_weighted.png",
          "per_class": {
            "1": {
              "precision": 0.18518518518518517,
              "recall": 0.7142857142857143,
              "f1-score": 0.29411764705882354,
              "support": 7.0
            },
            "2": {
              "precision": 0.2,
              "recall": 0.14285714285714285,
              "f1-score": 0.16666666666666666,
              "support": 7.0
            },
            "3": {
              "precision": 0.0,
              "recall": 0.0,
              "f1-score": 0.0,
              "support": 9.0
            },
            "4": {
              "precision": 0.06529209621993128,
              "recall": 1.0,
              "f1-score": 0.12258064516129032,
              "support": 38.0
            },
            "5": {
              "precision": 0.0,
              "recall": 0.0,
              "f1-score": 0.0,
              "support": 1.0
            },
            "UN": {
              "precision": 1.0,
              "recall": 0.1375,
              "f1-score": 0.24175824175824176,
              "support": 640.0
            },
            "accuracy": 0.18803418803418803,
            "macro avg": {
              "precision": 0.24174621356751938,
              "recall": 0.3324404761904762,
              "f1-score": 0.13752053344083706,
              "support": 702.0
            },
            "weighted avg": {
              "precision": 0.9190561195906748,